,id,Project,PathRow,User,Location,Status
0,1,Vietnam,125053,bullocke,/landsat/projects/Vietnam/p125r053/images,Completed
1,2,CMS_Mexico,20048,bullocke,/projectnb/landsat/projects/CMS_Mexico/images/020048/images,Completed
2,3,CMS_Mexico,34039,bullocke,/projectnb/landsat/projects/CMS_Mexico/images/034039/images,Completed
3,4,Guangzhou,122044,Yingchun Fu,projectnb/landsat/users/fuyc/p122r044,Completed
4,5,Acre,5066,Shixiong Wang,/projectnb/landsat/proojects/ACRE/stacks/p005r066/images,Completed
5,6,Acre,4066,Shixiong Wang,/projectnb/landsat/projects/ACRE/stacks/p004r066/images,Completed
6,7,Acre,3067,Shixiong Wang,/projectnb/landsat/projects/ACRE/stacks/p003067/images,Completed
7,8,Acre,2067,Shixiong Wang,/projectnb/landsat/projects/ACRE/stacks/p002067/images,Completed
8,9,LCMS,45030,Zhe Zhu,/projectnb/landsat/projects/LCMS/4530/images/,Completed
9,10,LCMS,27027,Zhe Zhu,/projectnb/landsat/projects/LCMS/2727/images/,Completed
10,11,LCMS,12028,Zhe Zhu,/projectnb/landsat/projects/LCMS/1228/images,Completed
11,12,LCMS,14032,Zhe Zhu,/projectnb/landsat/projects/LCMS/1432/images,Completed
12,13,LCMS,16037,Zhe Zhu,/projectnb/landsat/projects/LCMS/1637/images,Completed
13,14,LCMS,35032,Zhe Zhu,/projectnb/landsat/projects/LCMS/3532/images,Completed
14,15,CMS_Mexico,34039,bullocke,/projectnb/landsat/projects/CMS_Mexico/images/034039/images,Completed
15,17,CMS,20046,ceholden,/projectnb/landsat/projects/CMS/stacks/Mexico/p020r046/2_YATSM/p020r046.ini,Completed
16,19,Fusion,49023,bullocke,/projectnb/landsat/users/bullocke/BC/images/p049r023_params.ini,Completed
17,21,Colombia,7059,Paulo A,/projectnb/landsat/users/parevalo/columbia/007059/images/007059_config.ini,Completed
18,22,Colombia,8059,Paulo A,/projectnb/landsat/users/parevalo/columbia/008059/008059_config.ini,Completed
19,25,CMS_Mexico,24049,bullocke,/projectnb/landsat/projects/CMS_Mexico/images/024049/images/024049_params.ini,Completed
20,26,CMS_Mexico,18045,bullocke,/projectnb/landsat/projects/CMS_Mexico/images/018045/images,In Processing
21,27,CMS_Mexico,22048,bullocke,,Not Yet Started
22,28,CMS_Mexico,30041,bullocke,,Not Yet Started
23,29,CMS_Mexico,34038,bullocke,,Not Yet Started
24,30,CMS_Mexico,18046,bullocke,/projectnb/landsat/projects/CMS_Mexico/images/018046/images,In Processing
25,31,CMS_Mexico,18047,bullocke,/projectnb/landsat/projects/CMS_Mexico/images/018047/images,In Processing
26,32,CMS_Mexico,19045,bullocke,/projectnb/landsat/projects/CMS_Mexico/images/019045/images,In Processing
27,33,CMS_Mexico,19046,bullocke,/projectnb/landsat/projects/CMS_Mexico/images/019046/images,In Processing
28,34,CMS_Mexico,19047,bullocke,/projectnb/landsat/projects/CMS_Mexico/images/019047/images,In Processing
29,35,CMS_Mexico,19048,bullocke,,Not Yet Started
30,36,CMS_Mexico,20045,bullocke,,Not Yet Started
31,37,CMS_Mexico,20047,bullocke,,Not Yet Started
32,38,CMS_Mexico,20049,bullocke,,Not Yet Started
33,39,CMS_Mexico,21045,bullocke,,Not Yet Started
34,40,CMS_Mexico,21046,bullocke,,Not Yet Started
35,41,CMS_Mexico,21047,bullocke,,Not Yet Started
36,42,CMS_Mexico,21048,bullocke,,Not Yet Started
37,43,CMS_Mexico,21049,bullocke,,Not Yet Started
38,44,CMS_Mexico,21050,bullocke,,Not Yet Started
39,45,CMS_Mexico,22047,bullocke,,Not Yet Started
40,46,CMS_Mexico,22049,bullocke,,Not Yet Started
41,47,CMS_Mexico,23047,bullocke,,Not Yet Started
42,48,CMS_Mexico,23048,bullocke,,Not Yet Started
43,49,CMS_Mexico,23049,bullocke,,Not Yet Started
44,50,CMS_Mexico,24047,bullocke,,Not Yet Started
45,51,CMS_Mexico,24048,bullocke,,Not Yet Started
46,52,CMS_Mexico,25047,bullocke,,Not Yet Started
47,53,CMS_Mexico,25048,bullocke,,Not Yet Started
48,54,CMS_Mexico,25049,bullocke,,Not Yet Started
49,55,CMS_Mexico,30040,bullocke,,Not Yet Started
50,56,CMS_Mexico,30042,bullocke,,Not Yet Started
51,57,CMS_Mexico,31039,bullocke,,Not Yet Started
52,58,CMS_Mexico,31040,bullocke,,Not Yet Started
53,59,CMS_Mexico,31041,bullocke,,Not Yet Started
54,60,CMS_Mexico,31042,bullocke,,Not Yet Started
55,61,CMS_mexico,32038,bullocke,,Not Yet Started
56,62,CMS_Mexico,32039,bullocke,,Not Yet Started
57,63,CMS_Mexico,32040,bullocke,,Not Yet Started
58,64,CMS_Mexico,32041,bullocke,,Not Yet Started
59,65,CMS_Mexico,32042,bullocke,,Not Yet Started
60,66,CMS_Mexico,33038,bullocke,,Not Yet Started
61,67,CMCMS_Mexico,33039,bullocke,,Not Yet Started
62,68,CMS_Mexico,33040,bullocke,,Not Yet Started
63,69,CMS_Mexico,33041,bullocke,,Not Yet Started
64,70,CMS_Mexico,33042,bullocke,,Not Yet Started
65,71,CMS_Mexico,34040,bullocke,,Not Yet Started
66,72,CMS_Mexico,34041,bullocke,,Not Yet Started
67,73,Cambodia Deforestation,125050,xjtang,/projectnb/landsat/projects/cambodia/data/p125r050/,Completed
68,74,Cambodia Deforestation,125051,xjtang,/projectnb/landsat/projects/cambodia/data/p125r051/,Completed
69,75,Cambodia Deforestation,125052,xjtang,/projectnb/landsat/projects/cambodia/data/p125r052/,Completed
70,76,Cambodia Deforestation,126050,xjtang,/projectnb/landsat/projects/cambodia/data/p126r050,Completed
71,77,Cambodia Deforestation,126051,xjtang,/projectnb/landsat/projects/cambodia/data/p126r051/,Completed
72,78,Cambodia Deforestation,126052,xjtang,/projectnb/landsat/projects/cambodia/data/p126r052/,Completed
73,79,Cambodia Deforestation,127050,xjtang,/projectnb/landsat/projects/cambodia/data/p127r050/,Completed
74,80,Cambodia Deforestation,127051,xjtang,/projectnb/landsat/projects/cambodia/data/p127r051/,Completed
75,81,Cambodia Deforestation,127052,xjtang,/projectnb/landsat/projects/cambodia/data/p127r052/,Completed
76,82,fusion,227065,xjtang,/projectnb/landsat/projects/fusion/br_site/data/landsat/p227r065/config.ini,Completed
77,83,IDS,11031,CeHolden,/projectnb/landsat/projects/IDS/ceholden/p011r031,Completed
78,84,IDS,12029,CeHolden,/projectnb/landsat/projects/IDS/ceholden/p012r029,Completed
79,85,IDS,12030,Ceholden,/projectnb/landsat/projects/IDS/ceholden/p012r030,Completed
80,86,IDS,13029,Ceholden,/projectnb/landsat/projects/IDS/ceholden/p013r029,Completed
81,87,IDS,13030,ceholden,/projectnb/landsat/projects/IDS/ceholden/p013r030,Completed
82,88,IDS,13031,ceholden,R/projectnb/landsat/projects/IDS/ceholden/p013r031,Completed
83,89,USGS,16041,ceholden,/projectnb/landsat/projects/USGS_SITES/p016r041,Completed
84,90,USGS,23037,ceholden,/projectnb/landsat/projects/USGS_SITES/p023r037,Completed
85,91,USGS,34032,ceholden,/projectnb/landsat/projects/USGS_SITES/p034r032/,Completed
86,92,USGS,35032,ceholden,/projectnb/landsat/projects/USGS_SITES/p035r032/YATSM/p035r032/p035r032.ini,Completed
87,93,USGS,39026,ceholden,/projectnb/landsat/projects/USGS_SITES/p039r026,Completed
88,94,USGS,43034,ceholden,/projectnb/landsat/projects/USGS_SITES/p043r034/,Completed
89,95,Massachusetts,12031,valpasq,/projectnb/landsat/projects/IDS/p012r031/images,In Processing
90,97,LCMAP,13029,zhezhu,/projectnb/landsat/projects/LCMAP/p013r029/images,In Processing
91,100,LCMAP,16040,zhuzhe,/projectnb/landsat/projects/LCMAP/p016r040/images,In Processing
92,101,LCMAP,13029,zhuzhe,/projectnb/landsat/projects/LCMAP/p012r029/images/,In Processing
93,102,LCMAP,16040,zhuzhe,/projectnb/landsat/projects/LCMAP/p016r040/images/,In Processing
94,103,LCMAP,22033,zhuzhe,/projectnb/landsat/projects/LCMAP/p022r033/images/,In Processing
95,104,LCMAP,23037,zhuzhe,/projectnb/landsat/projects/LCMAP/p023r037/images/,In Processing
96,105,LCMAP,27027,zhuzhe,/projectnb/landsat/projects/LCMAP/p027r027/images/,In Processing
97,106,LCMAP,28033,zhuzhe,/projectnb/landsat/projects/LCMAP/p028r033/images/,In Processing
98,107,LCMAP,31027,zhuzhe,/projectnb/landsat/projects/LCMAP/p031r027/images/,In Processing
99,108,LCMAP,33029,zhuzhe,/projectnb/landsat/projects/LCMAP/p033r029/images/,In Processing
100,113,LCMAP,46026,zhuzhe,/projectnb/landsat/projects/LCMAP/p046r026/images/,In Processing
101,115,LCMAP,46028,zhuzhe,/projectnb/landsat/projects/LCMAP/p046r028/images/,In Processing
102,116,LCMAP,47026,zhuzhe,/projectnb/landsat/projects/LCMAP/p047r026/images/,In Processing
103,117,LCMAP,47027,zhuzhe,/projectnb/landsat/projects/LCMAP/p047r027/images/,In Processing
104,118,LCMAP,68014,zhuzhe,/projectnb/landsat/projects/LCMAP/p068r014/images/,In Processing
105,119,LCMAP,69014,zhuzhe,/projectnb/landsat/projects/LCMAP/p069r014/images/,In Processing
106,120,LCMAP,36038,zhuzhe,/projectnb/landsat/projects/LCMAP/p036r038/images/,Completed
107,121,LCMAP,39026,zhuzhe,/projectnb/landsat/projects/LCMAP/p039r026/images/,In Processing
108,122,LCMAP,43034,zhuzhe,/projectnb/landsat/projects/LCMAP/p043r034/images/,In Processing
109,123,LCMAP,45030,zhuzhe,/projectnb/landsat/projects/LCMAP/p045r030/images/,In Processing
110,124,LCMAP,46027,zhuzhe,/projectnb/landsat/projects/LCMAP/p046r027/images/,In Processing
111,125,CMS,2069,ceholden,/projectnb/landsat/projects/CMS/stacks/Peru/p002r069/images,In Processing
112,126,CMS,3069,ceholden,/projectnb/landsat/projects/CMS/stacks/Peru,In Processing
113,127,CMS,6063,ceholden,/projectnb/landsat/projects/CMS/stacks/Peru,In Processing
114,128,FInland,189017,matthieu,/projectnb/landsat/projects/Finland/189017/images,In Processing
115,129,Colombia,7059,parevalo,/projectnb/landsat/projects/Colombia/images,Completed
116,130,colombia,6059,parevalo,/projectnb/landsat/projects/Colombia/images,Completed
117,131,colombia,6060,parevalo,/projectnb/landsat/projects/Colombia/images,Completed
118,132,colombia,7060,parevalo,/projectnb/landsat/projects/Colombia/images,Completed
119,133,colombia,8060,parevalo,/projectnb/landsat/projects/Colombia/images,Completed
120,134,Rondonia,229069,bullocke,/projectnb/landsat/users/bullocke/Rondonia/Done_YATSM,Completed
121,135,Rondonia,230068,bullocke,/projectnb/landsat/users/bullocke/Rondonia/Done_YATSM,Completed
122,136,Rondonia,230069,bullocke,/projectnb/landsat/users/bullocke/Rondonia/Done_YATSM,Completed
123,137,Rondonia,231067,bullocke,/projectnb/landsat/users/bullocke/Rondonia/Done_YATSM,Completed
124,138,Rondonia,231068,bullocke,/projectnb/landsat/users/bullocke/Rondonia/Done_YATSM,Completed
125,139,Rondonia,232066,bullocke,/projectnb/landsat/users/bullocke/Rondonia/Done_YATSM,Completed
126,140,Rondonia,232067,bullocke,/projectnb/landsat/users/bullocke/Rondonia/Done_YATSM,Completed
127,131,Rondonia,232068,bullocke,/projectnb/landsat/users/bullocke/Rondonia/Done_YATSM,Completed
128,131,Rondonia,227063,bullocke,/projectnb/landsat/projects/NRT_MODIS/227063,Completed
